Norrköping,3776 Memorial Alley,602 09,133-777-5526,wikia.com,dschubbert0@de.vu
Lávara,52 Meadow Vale Crossing,,879-364-2177,is.gd,sgommowe1@tamu.edu
Malummaduri,01 Novick Place,,194-479-4808,boston.com,sgutman2@ehow.com
Qal‘ah-ye Kuhnah,4225 Oak Valley Park,,964-109-9985,uiuc.edu,mapthorpe3@sourceforge.net
Coelho Neto,66536 Amoth Terrace,65620-000,528-487-6104,narod.ru,bsobtka4@behance.net
Munggang,33138 Helena Crossing,,553-872-2240,studiopress.com,mewbanks5@skype.com
As Suwaydā’,3588 5th Terrace,,742-564-6866,mlb.com,kstephens6@mozilla.org
Sylhet,958 Leroy Street,3109,159-820-3305,samsung.com,hmacentee7@jugem.jp
Mochishche,43 High Crossing Avenue,630534,506-469-4042,fda.gov,ereely8@nifty.com
Trollhättan,636 Pleasure Lane,461 70,805-636-5503,umn.edu,nlevens9@youtu.be
Sabaneta,90 Washington Lane,055457,752-579-4637,loc.gov,mgreenmona@reverbnation.com
Mysiadło,688 Summerview Avenue,05-509,504-414-3299,yahoo.com,wbanasevichb@seattletimes.com
Vinnytsya,5269 Stuart Plaza,,411-121-0610,blinklist.com,blarkworthyc@slate.com
Täby,1125 Waubesa Park,187 14,266-312-4584,scribd.com,eventurolid@utexas.edu
Yangmadao,76 Hanson Point,,179-124-3158,mediafire.com,gkitchenere@goo.gl
Askim,60178 Oneill Park,1808,178-863-2202,opensource.org,bbulchf@weebly.com
Kiffa,2885 Lunder Terrace,,328-139-9001,hexun.com,rrennoxg@netlog.com
Kanal,212 Ridgeway Center,5213,386-410-9509,marketwatch.com,cvandaleh@1688.com
Kieta,9 Hazelcrest Junction,,763-369-1807,usgs.gov,mduffiti@ted.com
Araraquara,9408 Mallard Terrace,14800-000,284-185-3910,pagesperso-orange.fr,daprahamianj@flickr.com
Parrita,03 3rd Terrace,60901,184-669-8564,sakura.ne.jp,cmaddisonk@wunderground.com
Cherskiy,23 Mosinee Circle,678831,811-197-7217,timesonline.co.uk,kroubyl@bigcartel.com
Arkalyk,16 Merchant Plaza,,857-181-9632,cmu.edu,dbentom@nyu.edu
Ala-Buka,92 Heath Street,,461-104-7154,spotify.com,bhollyern@dagondesign.com
Lingbeizhou,3 Vernon Crossing,,775-469-1450,ed.gov,nlearyo@usgs.gov
Omurtag,38335 Forster Junction,7945,480-196-2572,narod.ru,cgaddasp@accuweather.com
Donglai,501 Village Alley,,884-692-1571,hexun.com,twhittenq@dion.ne.jp
Mošorin,5436 Maywood Crossing,,341-172-1633,ihg.com,fbessantr@fastcompany.com
Niushou,922 Miller Place,,184-496-0859,1und1.de,blafontaines@paginegialle.it
Jianping,7207 Eagle Crest Trail,,479-544-4847,hp.com,mdurningt@pbs.org
Orvault,0 Randy Alley,44706 CEDEX,235-591-9914,xing.com,obresneru@chron.com
Dili,120 Debs Trail,,267-412-5274,quantcast.com,minsallv@gizmodo.com
Novotitarovskaya,2625 Bartillon Road,353210,341-907-6467,taobao.com,kmccrackenw@hud.gov
Fada N'gourma,50 Burning Wood Pass,,672-456-3764,latimes.com,byukhninix@tinyurl.com
Xiachengzi,6 Hayes Alley,,608-380-1703,java.com,lclementely@hatena.ne.jp
Ključ,155 Larry Court,,148-126-1366,narod.ru,dmacalpinz@bandcamp.com
Las Animas,5367 Melody Drive,,567-862-4003,earthlink.net,kwoolaghan10@barnesandnoble.com
Sampungu,43 Amoth Avenue,,950-660-3386,imdb.com,nchecketts11@liveinternet.ru
Miami Beach,37 Ryan Road,33141,305-698-0890,slideshare.net,ablodget12@smugmug.com
Brive-la-Gaillarde,75993 Stang Pass,19117 CEDEX,270-397-6050,skyrock.com,efrude13@cpanel.net
كاف الجاع,038 Merrick Trail,,764-414-7157,acquirethisname.com,scoggen14@washingtonpost.com
Sevilla,717 Brickson Park Parkway,41015,681-574-5301,chronoengine.com,gmangeot15@yahoo.co.jp
Mumen,9991 Marcy Parkway,,464-399-9218,blogtalkradio.com,rgaze16@zimbio.com
Xinquan,15 Trailsway Point,,691-875-5357,github.io,mshillan17@blogspot.com
Aparecida do Taboado,54 Nobel Park,79570-000,559-995-6556,nyu.edu,elarrosa18@samsung.com
Mbongawani,9 Northport Parkway,,645-178-8574,yellowpages.com,eseagar19@purevolume.com
Gelgaudiškis,1 Sloan Drive,71085,244-537-2878,macromedia.com,lglidden1a@sourceforge.net
Evansville,9 Hooker Plaza,47737,812-485-8504,answers.com,afurness1b@google.co.jp
Kołbaskowo,421 Macpherson Avenue,72-001,342-665-2033,newsvine.com,vbonifant1c@biblegateway.com
Barţa‘ah ash Sharqīyah,6 Schlimgen Center,,897-783-6672,dailymail.co.uk,dmosten1d@icio.us
Le Mans,7537 Norway Maple Way,72091 CEDEX 9,969-123-8960,jugem.jp,pkinge1e@photobucket.com
Taunggyi,3 Graedel Park,,218-970-3965,diigo.com,rcaldairou1f@alexa.com
Jakšić,84226 Bluejay Court,34308,741-768-8770,boston.com,amcquaker1g@edublogs.org
Uniejów,2 Service Terrace,99-210,453-472-8278,cbslocal.com,slambshine1h@hatena.ne.jp
Krajan Pakel,96075 Charing Cross Hill,,639-708-3716,xrea.com,dmatejovsky1i@nhs.uk
Radekhiv,13 Magdeline Lane,,494-319-4317,ca.gov,cscopyn1j@webnode.com
Fonte de Angeão,3255 Onsgard Plaza,3840-165,641-595-7337,barnesandnoble.com,pmacginlay1k@t.co
Francisco Villa,506 Clove Circle,96980,484-188-6721,ezinearticles.com,fgerhartz1l@forbes.com
Nueva Germania,29 Division Park,,123-542-8822,edublogs.org,dberick1m@ovh.net
Nogueira do Cravo,82 Debra Terrace,3400-455,457-528-4496,sciencedirect.com,jnoriega1n@nba.com
Coté-Lai,4040 Summer Ridge Drive,3513,389-572-5398,google.co.uk,nlade1o@bbb.org
Kālia,7 Shelley Alley,7521,616-382-9267,ifeng.com,bspraggon1p@devhub.com
La Esperanza,7 Bobwhite Avenue,95590,192-553-1096,amazon.de,dpalfree1q@symantec.com
Kohtla-Järve,3753 Alpine Parkway,,595-261-8828,4shared.com,mphysick1r@umich.edu
Sorocaba,0777 High Crossing Hill,18000-000,121-602-4894,ted.com,mmclenahan1s@blinklist.com
London,8707 Donald Way,W1F,571-282-3391,last.fm,aanger1t@google.ca
Dalang,26293 Sloan Plaza,,752-896-7202,altervista.org,achominski1u@accuweather.com
Piteå,318 Mariners Cove Terrace,941 28,918-646-9896,ezinearticles.com,rmacgibbon1v@wsj.com
Amgalang,3846 Brentwood Lane,,530-253-4772,ifeng.com,nfontin1w@imdb.com
Sut-Khol’,9 Ilene Circle,668150,643-958-9854,google.cn,jpiddington1x@prlog.org
Apeldoorn,3053 Memorial Avenue,7329,997-152-3979,deviantart.com,dseymour1y@mashable.com
Liuche,22525 Esker Lane,,867-797-4316,bbb.org,mchree1z@about.me
Mariel,8 Barby Terrace,,675-629-4214,blogspot.com,wroe20@photobucket.com
Almirante,54 Morning Point,,350-400-4715,facebook.com,cnicholas21@prnewswire.com
Songwon,5229 Longview Hill,,545-800-8707,artisteer.com,rwebster22@people.com.cn
Shazikou,96616 Loomis Street,,927-631-9447,foxnews.com,hmarkie23@engadget.com
Voskop,2323 Southridge Pass,,617-661-3537,un.org,ksheaber24@ow.ly
Viking,79 Bashford Drive,E4G,330-819-4383,mapy.cz,pmccarty25@yandex.ru
Huanggang,72834 Eggendart Court,,962-382-4119,loc.gov,dbruyntjes26@amazon.co.uk
Baihe,381 Graceland Pass,,607-781-8305,yelp.com,hchampney27@vinaora.com
Tqibuli,2 Debs Hill,,208-542-7898,csmonitor.com,gtubby28@4shared.com
Cassilândia,8655 Schurz Center,79540-000,843-474-5666,alexa.com,lplumridge29@studiopress.com
Gorichevo,54 Hazelcrest Place,7337,134-279-1221,feedburner.com,pwhitebrook2a@unicef.org
Dengfeng,334 Emmet Junction,,220-964-9280,statcounter.com,jantoniottii2b@weibo.com
Megalochórion,6 Trailsway Center,,253-932-1254,washington.edu,bsamwaye2c@fastcompany.com
San Francisco,412 Rockefeller Pass,8501,550-425-2761,free.fr,fmccumesky2d@xinhuanet.com
Somerset East,8187 Bluejay Way,5850,191-582-0628,utexas.edu,ahairsnape2e@phpbb.com
Viitasaari,4 Schlimgen Trail,44501,100-336-5102,jimdo.com,bsermin2f@walmart.com
Puerto Deseado,038 Merchant Drive,9050,531-733-4517,purevolume.com,rfeldbrin2g@accuweather.com
Esperantina,2662 Claremont Junction,77993-000,784-242-1567,ihg.com,sgillhespy2h@wikia.com
Babushkin,965 Crownhardt Center,671235,717-199-5450,earthlink.net,mmembry2i@ezinearticles.com
Memaliaj,990 Anzinger Center,,235-745-9211,drupal.org,cstothert2j@eventbrite.com
Tyre,1 Parkside Crossing,,509-608-5261,cnn.com,mwarsop2k@prweb.com
Huyang,709 Harbort Lane,,446-682-6442,phoca.cz,ggodwin2l@nbcnews.com
R S,20764 High Crossing Parkway,395003,264-896-1573,patch.com,klangworthy2m@foxnews.com
Wangcheng,62848 Glendale Trail,,222-288-5407,etsy.com,cewenson2n@umich.edu
Xijiang,39 Stoughton Junction,,651-535-7623,arizona.edu,jeberz2o@springer.com
Al Manşūrah,778 Haas Pass,,240-662-2094,bloglovin.com,rzecchinelli2p@scribd.com
Yuzhno-Sukhokumsk,412 1st Court,368890,677-946-3153,eepurl.com,abegbie2q@imageshack.us
Tāklisah,761 Hovde Alley,,905-660-6643,thetimes.co.uk,claurenz2r@fotki.com
